{
  "hash": "cc57a6b2",
  "configHash": "1ca5997d",
  "lockfileHash": "59a101d0",
  "browserHash": "8588695b",
  "optimized": {
    "@angular/common/http": {
      "src": "../../../../../node_modules/@angular/common/fesm2022/http.mjs",
      "file": "@angular_common_http.js",
      "fileHash": "5a187b91",
      "needsInterop": false
    },
    "@angular/core": {
      "src": "../../../../../node_modules/@angular/core/fesm2022/core.mjs",
      "file": "@angular_core.js",
      "fileHash": "15a3c0b7",
      "needsInterop": false
    },
    "@angular/forms": {
      "src": "../../../../../node_modules/@angular/forms/fesm2022/forms.mjs",
      "file": "@angular_forms.js",
      "fileHash": "c6933807",
      "needsInterop": false
    },
    "@angular/platform-browser": {
      "src": "../../../../../node_modules/@angular/platform-browser/fesm2022/platform-browser.mjs",
      "file": "@angular_platform-browser.js",
      "fileHash": "49a3fe8b",
      "needsInterop": false
    },
    "@angular/platform-browser/animations": {
      "src": "../../../../../node_modules/@angular/platform-browser/fesm2022/animations.mjs",
      "file": "@angular_platform-browser_animations.js",
      "fileHash": "4eaceb15",
      "needsInterop": false
    },
    "@angular/router": {
      "src": "../../../../../node_modules/@angular/router/fesm2022/router.mjs",
      "file": "@angular_router.js",
      "fileHash": "c97673b0",
      "needsInterop": false
    }
  },
  "chunks": {
    "chunk-VOX277PM": {
      "file": "chunk-VOX277PM.js"
    },
    "chunk-3TYQINVL": {
      "file": "chunk-3TYQINVL.js"
    },
    "chunk-XE2WUETH": {
      "file": "chunk-XE2WUETH.js"
    },
    "chunk-MYBJ2SOS": {
      "file": "chunk-MYBJ2SOS.js"
    }
  }
}