{
  "hash": "10cf740e",
  "configHash": "2fb78c6b",
  "lockfileHash": "59a101d0",
  "browserHash": "f17679d9",
  "optimized": {
    "@angular/common/http": {
      "src": "../../../../../node_modules/@angular/common/fesm2022/http.mjs",
      "file": "@angular_common_http.js",
      "fileHash": "ac765d11",
      "needsInterop": false
    },
    "@angular/core": {
      "src": "../../../../../node_modules/@angular/core/fesm2022/core.mjs",
      "file": "@angular_core.js",
      "fileHash": "e78b71be",
      "needsInterop": false
    },
    "@angular/forms": {
      "src": "../../../../../node_modules/@angular/forms/fesm2022/forms.mjs",
      "file": "@angular_forms.js",
      "fileHash": "f4db36e9",
      "needsInterop": false
    },
    "@angular/platform-browser": {
      "src": "../../../../../node_modules/@angular/platform-browser/fesm2022/platform-browser.mjs",
      "file": "@angular_platform-browser.js",
      "fileHash": "e4fd6760",
      "needsInterop": false
    },
    "@angular/platform-browser/animations": {
      "src": "../../../../../node_modules/@angular/platform-browser/fesm2022/animations.mjs",
      "file": "@angular_platform-browser_animations.js",
      "fileHash": "b77628be",
      "needsInterop": false
    },
    "@angular/platform-server": {
      "src": "../../../../../node_modules/@angular/platform-server/fesm2022/platform-server.mjs",
      "file": "@angular_platform-server.js",
      "fileHash": "a128fc32",
      "needsInterop": false
    },
    "@angular/router": {
      "src": "../../../../../node_modules/@angular/router/fesm2022/router.mjs",
      "file": "@angular_router.js",
      "fileHash": "41cc129e",
      "needsInterop": false
    },
    "tslib": {
      "src": "../../../../../node_modules/tslib/tslib.es6.mjs",
      "file": "tslib.js",
      "fileHash": "f87580c3",
      "needsInterop": false
    }
  },
  "chunks": {
    "xhr2-V2GDQ3PS": {
      "file": "xhr2-V2GDQ3PS.js"
    },
    "chunk-DWWBHDSS": {
      "file": "chunk-DWWBHDSS.js"
    },
    "chunk-LHK3B5JD": {
      "file": "chunk-LHK3B5JD.js"
    },
    "chunk-63K3XXRW": {
      "file": "chunk-63K3XXRW.js"
    },
    "chunk-5G7WB3EG": {
      "file": "chunk-5G7WB3EG.js"
    },
    "chunk-X6UFMS2E": {
      "file": "chunk-X6UFMS2E.js"
    },
    "chunk-NQ4HTGF6": {
      "file": "chunk-NQ4HTGF6.js"
    }
  }
}